<?xml version="1.0" encoding="UTF-8"?>
<!DOCTYPE configuration PUBLIC "-//mybatis.org//DTD Config 3.0//EN" "http://mybatis.org/dtd/mybatis-3-config.dtd">
<configuration>
    <!--mapper에서 매칭할 parameter Type 별칭 설정-->
    <typeAliases>
        <typeAlias type="kr.or.iei.student.model.vo.Student" alias="student"/>
    </typeAliases>

    <environments default="development">
        <!-- environment id를 구분하여 연결할 DB를 여러 개 구성할 수 있음 -->
        <environment id="development">
            <transactionManager type="JDBC"/>
            <dataSource type="POOLED">
                <property name="driver" value="oracle.jdbc.driver.OracleDriver"/>
                <property name="url" value="jdbc:oracle:thin:@121.140.42.227:1521:xe"/>
                <property name="username" value="giantstudy"/>
                <property name="password" value="gs123"/>
            </dataSource>
        </environment>
    </environments>

    <!-- 매퍼 파일의 경로를 지정 -->
    <mappers>
        <mapper resource="mappers/boardMapper.xml"/>
        <!-- 다른 매퍼 파일들도 추가할 수 있습니다. -->
    </mappers>
</configuration>
