
<mapper namespace="mapper.BoardMapper">

    <!-- resultMap 정의 등 다른 부분 생략 -->

    <select id="getPost" resultMap="postResultMap">
        SELECT seq, mem_id, board_subject, board_content, reg_date, upt_date, view_cnt
        FROM 
        <choose>
            <when test="tableName != null and tableName != ''">
                ${tableName}
            </when>
            <otherwise>
                board_study
            </otherwise>
        </choose>
    </select>

    <!-- 다른 SQL 문들을 추가할 수 있습니다. -->

</mapper>
